computer_datetime,sample,time_ms,time_s,sensor,raw_adc,adc_voltage,module_voltage
computer_datetime,sample,time_ms,time_s,sensor,raw_adc,adc_voltage,module_voltage
2026-09-07T16:14:00.800,1,1520,1.520,MQ-7,234.25,0.3360,0.5040
2026-09-07T16:14:01.522,2,2520,2.520,MQ-7,234.95,0.3356,0.5034
2026-09-07T16:14:02.522,3,3520,3.520,MQ-7,232.25,0.3338,0.5008
2026-09-07T16:14:03.523,4,4520,4.520,MQ-7,233.50,0.3340,0.5011
2026-09-07T16:14:04.523,5,5520,5.520,MQ-7,232.25,0.3334,0.5000
2026-09-07T16:14:05.522,6,6520,6.520,MQ-7,231.25,0.3318,0.4976
2026-09-07T16:14:06.523,7,7520,7.520,MQ-7,231.30,0.3338,0.5006
2026-09-07T16:14:07.523,8,8520,8.520,MQ-7,230.95,0.3339,0.5008
2026-09-07T16:14:08.522,9,9520,9.520,MQ-7,232.35,0.3341,0.5012
2026-09-07T16:14:09.522,10,10520,10.520,MQ-7,231.25,0.3340,0.5009
2026-09-07T16:14:10.522,11,11520,11.520,MQ-7,231.05,0.3330,0.4994
2026-09-07T16:14:11.521,12,12520,12.520,MQ-7,231.40,0.3328,0.4992
2026-09-07T16:14:12.522,13,13520,13.520,MQ-7,230.95,0.3325,0.4988
2026-09-07T16:14:13.522,14,14520,14.520,MQ-7,231.25,0.3338,0.5007
2026-09-07T16:14:14.523,15,15520,15.520,MQ-7,229.70,0.3324,0.4986
2026-09-07T16:14:15.523,16,16520,16.520,MQ-7,233.20,0.3336,0.5004
2026-09-07T16:14:16.522,17,17520,17.520,MQ-7,232.35,0.3340,0.5010
2026-09-07T16:14:17.523,18,18520,18.520,MQ-7,232.35,0.3343,0.5014
2026-09-07T16:14:18.523,19,19520,19.520,MQ-7,232.20,0.3340,0.5011
2026-09-07T16:14:19.522,20,20520,20.520,MQ-7,232.20,0.3330,0.4995
2026-09-07T16:14:20.522,21,21520,21.520,MQ-7,232.25,0.3324,0.4986
2026-09-07T16:14:21.523,22,22520,22.520,MQ-7,231.15,0.3343,0.5014
2026-09-07T16:14:22.523,23,23520,23.520,MQ-7,233.00,0.3325,0.4987
2026-09-07T16:14:23.523,24,24520,24.520,MQ-7,231.35,0.3332,0.4999
2026-09-07T16:14:24.522,25,25520,25.520,MQ-7,229.75,0.3327,0.4990
2026-09-07T16:14:25.523,26,26520,26.520,MQ-7,229.30,0.3327,0.4990
2026-09-07T16:14:26.523,27,27520,27.520,MQ-7,231.00,0.3327,0.4991
2026-09-07T16:14:27.523,28,28520,28.520,MQ-7,229.20,0.3314,0.4971
2026-09-07T16:14:28.522,29,29520,29.520,MQ-7,229.60,0.3324,0.4986
2026-09-07T16:14:29.522,30,30520,30.520,MQ-7,229.35,0.3315,0.4972
2026-09-07T16:14:30.523,31,31520,31.520,MQ-7,227.70,0.3313,0.4969
2026-09-07T16:14:31.522,32,32520,32.520,MQ-7,229.10,0.3321,0.4981
2026-09-07T16:14:32.522,33,33520,33.520,MQ-7,230.65,0.3315,0.4972
2026-09-07T16:14:33.523,34,34520,34.520,MQ-7,229.65,0.3314,0.4971
2026-09-07T16:14:34.522,35,35520,35.520,MQ-7,230.25,0.3304,0.4955
2026-09-07T16:14:35.523,36,36520,36.520,MQ-7,231.20,0.3328,0.4992
2026-09-07T16:14:36.521,37,37520,37.520,MQ-7,231.10,0.3323,0.4984
2026-09-07T16:14:37.523,38,38520,38.520,MQ-7,229.65,0.3306,0.4959
2026-09-07T16:14:38.522,39,39520,39.520,MQ-7,227.95,0.3298,0.4947
2026-09-07T16:14:39.521,40,40520,40.520,MQ-7,228.50,0.3311,0.4967
2026-09-07T16:14:40.522,41,41520,41.520,MQ-7,228.85,0.3287,0.4931
2026-09-07T16:14:41.521,42,42520,42.520,MQ-7,229.65,0.3302,0.4953
2026-09-07T16:14:42.522,43,43520,43.520,MQ-7,229.30,0.3322,0.4983
2026-09-07T16:14:43.522,44,44520,44.520,MQ-7,229.60,0.3307,0.4960
2026-09-07T16:14:44.522,45,45520,45.520,MQ-7,231.20,0.3331,0.4997
2026-09-07T16:14:45.522,46,46520,46.520,MQ-7,230.15,0.3316,0.4975
2026-09-07T16:14:46.524,47,47520,47.520,MQ-7,229.30,0.3312,0.4968
2026-09-07T16:14:47.524,48,48520,48.520,MQ-7,230.55,0.3322,0.4983
2026-09-07T16:14:48.522,49,49520,49.520,MQ-7,229.80,0.3318,0.4978
2026-09-07T16:14:49.525,50,50520,50.520,MQ-7,236.15,0.3329,0.4993
2026-09-07T16:14:50.522,51,51520,51.520,MQ-7,231.10,0.3329,0.4993
2026-09-07T16:14:51.523,52,52520,52.520,MQ-7,230.40,0.3318,0.4977
2026-09-07T16:14:52.522,53,53520,53.520,MQ-7,229.80,0.3319,0.4979
2026-09-07T16:14:53.522,54,54520,54.520,MQ-7,227.75,0.3300,0.4950
2026-09-07T16:14:54.522,55,55520,55.520,MQ-7,229.45,0.3322,0.4983
2026-09-07T16:14:55.523,56,56520,56.520,MQ-7,231.85,0.3335,0.5003
2026-09-07T16:14:56.521,57,57520,57.520,MQ-7,229.90,0.3320,0.4981
2026-09-07T16:14:57.521,58,58520,58.520,MQ-7,232.50,0.3313,0.4969
2026-09-07T16:14:58.521,59,59520,59.520,MQ-7,230.80,0.3315,0.4972
2026-09-07T16:14:59.521,60,60520,60.520,MQ-7,229.25,0.3317,0.4976
2026-09-07T16:15:00.520,61,61520,61.520,MQ-7,227.90,0.3321,0.4981
2026-09-07T16:15:01.521,62,62520,62.520,MQ-7,230.05,0.3320,0.4979
2026-09-07T16:15:02.522,63,63520,63.520,MQ-7,229.05,0.3310,0.4965
2026-09-07T16:15:03.521,64,64520,64.520,MQ-7,229.70,0.3317,0.4976
2026-09-07T16:15:04.522,65,65520,65.520,MQ-7,230.90,0.3322,0.4984
2026-09-07T16:15:05.521,66,66520,66.520,MQ-7,229.25,0.3324,0.4985
2026-09-07T16:15:06.524,67,67520,67.520,MQ-7,227.30,0.3295,0.4943
2026-09-07T16:15:07.520,68,68520,68.520,MQ-7,227.70,0.3290,0.4935
2026-09-07T16:15:08.523,69,69520,69.520,MQ-7,229.05,0.3311,0.4967
2026-09-07T16:15:09.521,70,70520,70.520,MQ-7,228.90,0.3310,0.4965
2026-09-07T16:15:10.519,71,71520,71.520,MQ-7,229.20,0.3321,0.4981
2026-09-07T16:15:11.521,72,72520,72.520,MQ-7,228.30,0.3311,0.4967
2026-09-07T16:15:12.521,73,73520,73.520,MQ-7,226.45,0.3304,0.4956
2026-09-07T16:15:13.520,74,74520,74.520,MQ-7,228.50,0.3320,0.4980
2026-09-07T16:15:14.521,75,75520,75.520,MQ-7,229.45,0.3315,0.4972
2026-09-07T16:15:15.521,76,76520,76.520,MQ-7,228.50,0.3309,0.4963
2026-09-07T16:15:16.524,77,77520,77.520,MQ-7,229.10,0.3318,0.4976
2026-09-07T16:15:17.523,78,78520,78.520,MQ-7,228.45,0.3312,0.4968
2026-09-07T16:15:18.523,79,79520,79.520,MQ-7,231.00,0.3318,0.4978
2026-09-07T16:15:19.520,80,80520,80.520,MQ-7,229.70,0.3312,0.4968
2026-09-07T16:15:20.520,81,81520,81.520,MQ-7,225.50,0.3310,0.4966
2026-09-07T16:15:21.520,82,82520,82.520,MQ-7,228.25,0.3310,0.4966
2026-09-07T16:15:22.519,83,83520,83.520,MQ-7,225.75,0.3316,0.4974
2026-09-07T16:15:23.520,84,84520,84.520,MQ-7,227.10,0.3305,0.4958
2026-09-07T16:15:24.520,85,85520,85.520,MQ-7,229.95,0.3318,0.4978
2026-09-07T16:15:25.520,86,86520,86.520,MQ-7,230.50,0.3327,0.4990
2026-09-07T16:15:26.524,87,87520,87.520,MQ-7,227.75,0.3310,0.4966
2026-09-07T16:15:27.520,88,88520,88.520,MQ-7,230.90,0.3302,0.4953
2026-09-07T16:15:28.521,89,89520,89.520,MQ-7,231.00,0.3319,0.4979
2026-09-07T16:15:29.520,90,90520,90.520,MQ-7,228.95,0.3311,0.4967
2026-09-07T16:15:30.519,91,91520,91.520,MQ-7,229.10,0.3305,0.4958
2026-09-07T16:15:31.519,92,92520,92.520,MQ-7,230.60,0.3327,0.4991
2026-09-07T16:15:32.520,93,93520,93.520,MQ-7,229.15,0.3316,0.4973
2026-09-07T16:15:33.519,94,94520,94.520,MQ-7,227.30,0.3296,0.4945
2026-09-07T16:15:34.520,95,95520,95.520,MQ-7,229.85,0.3330,0.4996
2026-09-07T16:15:35.519,96,96520,96.520,MQ-7,227.25,0.3315,0.4972
2026-09-07T16:15:36.520,97,97520,97.520,MQ-7,227.85,0.3313,0.4969
2026-09-07T16:15:37.520,98,98520,98.520,MQ-7,228.15,0.3298,0.4946
2026-09-07T16:15:38.520,99,99520,99.520,MQ-7,229.60,0.3310,0.4964
2026-09-07T16:15:39.520,100,100520,100.520,MQ-7,227.20,0.3331,0.4997
2026-09-07T16:15:40.520,101,101520,101.520,MQ-7,227.20,0.3288,0.4931
2026-09-07T16:15:41.520,102,102520,102.520,MQ-7,228.80,0.3316,0.4975
2026-09-07T16:15:42.520,103,103520,103.520,MQ-7,229.35,0.3318,0.4977
2026-09-07T16:15:43.520,104,104520,104.520,MQ-7,229.35,0.3343,0.5014
2026-09-07T16:15:44.519,105,105520,105.520,MQ-7,230.80,0.3307,0.4961
2026-09-07T16:15:45.521,106,106520,106.520,MQ-7,228.25,0.3313,0.4969
2026-09-07T16:15:46.519,107,107520,107.520,MQ-7,228.50,0.3304,0.4956
2026-09-07T16:15:47.520,108,108520,108.520,MQ-7,227.95,0.3300,0.4951
2026-09-07T16:15:48.519,109,109520,109.520,MQ-7,227.85,0.3313,0.4969
2026-09-07T16:15:49.519,110,110520,110.520,MQ-7,230.05,0.3316,0.4975
2026-09-07T16:15:50.519,111,111520,111.520,MQ-7,229.85,0.3326,0.4989
2026-09-07T16:15:51.519,112,112520,112.520,MQ-7,229.45,0.3320,0.4981
2026-09-07T16:15:52.519,113,113520,113.520,MQ-7,228.70,0.3316,0.4973
2026-09-07T16:15:53.519,114,114520,114.520,MQ-7,230.00,0.3301,0.4951
2026-09-07T16:15:54.519,115,115520,115.520,MQ-7,227.25,0.3293,0.4940
2026-09-07T16:15:55.519,116,116520,116.520,MQ-7,226.55,0.3300,0.4949
2026-09-07T16:15:56.519,117,117520,117.520,MQ-7,228.40,0.3310,0.4965
2026-09-07T16:15:57.519,118,118520,118.520,MQ-7,227.45,0.3298,0.4947
2026-09-07T16:15:58.519,119,119520,119.520,MQ-7,230.75,0.3315,0.4972
2026-09-07T16:15:59.519,120,120520,120.520,MQ-7,228.55,0.3308,0.4962
2026-09-07T16:16:00.518,121,121520,121.520,MQ-7,228.05,0.3315,0.4972
2026-09-07T16:16:01.519,122,122520,122.520,MQ-7,227.20,0.3307,0.4961
2026-09-07T16:16:02.519,123,123520,123.520,MQ-7,226.90,0.3283,0.4924
2026-09-07T16:16:03.519,124,124520,124.520,MQ-7,226.65,0.3305,0.4958
2026-09-07T16:16:04.518,125,125520,125.520,MQ-7,227.50,0.3313,0.4970
2026-09-07T16:16:05.519,126,126520,126.520,MQ-7,227.25,0.3313,0.4969
2026-09-07T16:16:06.518,127,127520,127.520,MQ-7,228.00,0.3304,0.4957
2026-09-07T16:16:07.520,128,128520,128.520,MQ-7,226.25,0.3290,0.4934
2026-09-07T16:16:08.519,129,129520,129.520,MQ-7,226.15,0.3290,0.4936
2026-09-07T16:16:09.520,130,130520,130.520,MQ-7,231.80,0.3302,0.4953
2026-09-07T16:16:10.519,131,131520,131.520,MQ-7,229.00,0.3305,0.4958
2026-09-07T16:16:11.518,132,132520,132.520,MQ-7,229.35,0.3313,0.4970
2026-09-07T16:16:12.519,133,133520,133.520,MQ-7,226.55,0.3296,0.4944
2026-09-07T16:16:13.518,134,134520,134.520,MQ-7,225.20,0.3283,0.4924
2026-09-07T16:16:14.520,135,135520,135.520,MQ-7,228.40,0.3309,0.4963
2026-09-07T16:16:15.519,136,136520,136.520,MQ-7,229.00,0.3318,0.4977
2026-09-07T16:16:16.520,137,137520,137.520,MQ-7,227.95,0.3308,0.4962
2026-09-07T16:16:17.521,138,138520,138.520,MQ-7,227.95,0.3316,0.4974
2026-09-07T16:16:18.518,139,139520,139.520,MQ-7,230.10,0.3321,0.4981
2026-09-07T16:16:19.518,140,140520,140.520,MQ-7,230.75,0.3320,0.4981
2026-09-07T16:16:20.518,141,141520,141.520,MQ-7,227.85,0.3300,0.4949
2026-09-07T16:16:21.518,142,142520,142.520,MQ-7,228.55,0.3302,0.4952
2026-09-07T16:16:22.518,143,143520,143.520,MQ-7,227.35,0.3296,0.4945
2026-09-07T16:16:23.518,144,144520,144.520,MQ-7,227.10,0.3295,0.4942
2026-09-07T16:16:24.518,145,145520,145.520,MQ-7,224.95,0.3295,0.4942
2026-09-07T16:16:25.518,146,146520,146.520,MQ-7,227.85,0.3296,0.4945
2026-09-07T16:16:26.519,147,147520,147.520,MQ-7,229.35,0.3320,0.4981
2026-09-07T16:16:27.519,148,148520,148.520,MQ-7,227.50,0.3307,0.4961
2026-09-07T16:16:28.518,149,149520,149.520,MQ-7,233.60,0.3282,0.4923
2026-09-07T16:16:29.517,150,150520,150.520,MQ-7,229.10,0.3309,0.4963
2026-09-07T16:16:30.518,151,151520,151.520,MQ-7,227.65,0.3309,0.4963
2026-09-07T16:16:31.517,152,152520,152.520,MQ-7,228.10,0.3316,0.4973
2026-09-07T16:16:32.517,153,153520,153.520,MQ-7,228.30,0.3315,0.4972
2026-09-07T16:16:33.517,154,154520,154.520,MQ-7,229.15,0.3309,0.4963
2026-09-07T16:16:34.517,155,155520,155.520,MQ-7,227.60,0.3300,0.4950
2026-09-07T16:16:35.518,156,156520,156.520,MQ-7,228.15,0.3307,0.4961
2026-09-07T16:16:36.519,157,157520,157.520,MQ-7,227.20,0.3291,0.4937
2026-09-07T16:16:37.518,158,158520,158.520,MQ-7,222.65,0.3300,0.4949
2026-09-07T16:16:38.517,159,159520,159.520,MQ-7,228.15,0.3314,0.4971
2026-09-07T16:16:39.516,160,160520,160.520,MQ-7,228.50,0.3291,0.4937
2026-09-07T16:16:40.517,161,161520,161.520,MQ-7,229.20,0.3313,0.4970
2026-09-07T16:16:41.517,162,162520,162.520,MQ-7,227.70,0.3310,0.4964
2026-09-07T16:16:42.517,163,163520,163.520,MQ-7,226.25,0.3308,0.4962
2026-09-07T16:16:43.516,164,164520,164.520,MQ-7,227.55,0.3312,0.4968
2026-09-07T16:16:44.517,165,165520,165.520,MQ-7,228.90,0.3299,0.4948
2026-09-07T16:16:45.519,166,166520,166.520,MQ-7,227.85,0.3299,0.4948
2026-09-07T16:16:46.516,167,167520,167.520,MQ-7,228.25,0.3298,0.4946
2026-09-07T16:16:47.519,168,168520,168.520,MQ-7,226.35,0.3309,0.4963
2026-09-07T16:16:48.517,169,169520,169.520,MQ-7,228.15,0.3309,0.4963
2026-09-07T16:16:49.518,170,170520,170.520,MQ-7,228.40,0.3307,0.4961
2026-09-07T16:16:50.517,171,171520,171.520,MQ-7,228.75,0.3306,0.4959
2026-09-07T16:16:51.517,172,172520,172.520,MQ-7,227.50,0.3288,0.4931
2026-09-07T16:16:52.516,173,173520,173.520,MQ-7,229.05,0.3278,0.4917
2026-09-07T16:16:53.519,174,174520,174.520,MQ-7,227.75,0.3303,0.4954
2026-09-07T16:16:54.517,175,175520,175.520,MQ-7,224.55,0.3289,0.4933
2026-09-07T16:16:55.516,176,176520,176.520,MQ-7,226.75,0.3296,0.4945
2026-09-07T16:16:56.517,177,177520,177.520,MQ-7,225.85,0.3296,0.4945
2026-09-07T16:16:57.518,178,178520,178.520,MQ-7,227.00,0.3298,0.4947
2026-09-07T16:16:58.517,179,179520,179.520,MQ-7,226.70,0.3289,0.4933
2026-09-07T16:16:59.516,180,180520,180.520,MQ-7,227.65,0.3305,0.4958
2026-09-07T16:17:00.516,181,181520,181.520,MQ-7,228.10,0.3302,0.4954
2026-09-07T16:17:01.517,182,182520,182.520,MQ-7,228.55,0.3293,0.4939
2026-09-07T16:17:02.516,183,183520,183.520,MQ-7,226.30,0.3313,0.4970
2026-09-07T16:17:03.517,184,184520,184.520,MQ-7,229.20,0.3311,0.4967
2026-09-07T16:17:04.516,185,185520,185.520,MQ-7,227.25,0.3300,0.4949
2026-09-07T16:17:05.516,186,186520,186.520,MQ-7,227.95,0.3294,0.4941
2026-09-07T16:17:06.516,187,187520,187.520,MQ-7,228.20,0.3321,0.4981
2026-09-07T16:17:07.516,188,188520,188.520,MQ-7,227.60,0.3313,0.4969
2026-09-07T16:17:08.516,189,189520,189.520,MQ-7,229.55,0.3322,0.4984
2026-09-07T16:17:09.516,190,190520,190.520,MQ-7,227.75,0.3308,0.4962
2026-09-07T16:17:10.516,191,191520,191.520,MQ-7,229.15,0.3321,0.4982
2026-09-07T16:17:11.516,192,192520,192.520,MQ-7,235.05,0.3365,0.5048
2026-09-07T16:17:12.516,193,193520,193.520,MQ-7,233.80,0.3342,0.5013
2026-09-07T16:17:13.515,194,194520,194.520,MQ-7,232.75,0.3329,0.4993
2026-09-07T16:17:14.515,195,195520,195.520,MQ-7,231.20,0.3334,0.5000
2026-09-07T16:17:15.515,196,196520,196.520,MQ-7,231.80,0.3332,0.4999
2026-09-07T16:17:16.514,197,197520,197.520,MQ-7,233.00,0.3351,0.5026
2026-09-07T16:17:17.515,198,198520,198.520,MQ-7,235.15,0.3361,0.5041
2026-09-07T16:17:18.515,199,199520,199.520,MQ-7,236.95,0.3362,0.5043
2026-09-07T16:17:19.515,200,200520,200.520,MQ-7,237.60,0.3385,0.5077
2026-09-07T16:17:20.516,201,201520,201.520,MQ-7,237.95,0.3388,0.5082
2026-09-07T16:17:21.515,202,202520,202.520,MQ-7,238.40,0.3420,0.5130
2026-09-07T16:17:22.517,203,203520,203.520,MQ-7,238.55,0.3389,0.5083
2026-09-07T16:17:23.517,204,204520,204.520,MQ-7,239.10,0.3397,0.5095
2026-09-07T16:17:24.517,205,205520,205.520,MQ-7,239.00,0.3401,0.5102
2026-09-07T16:17:25.516,206,206520,206.520,MQ-7,239.90,0.3402,0.5103
2026-09-07T16:17:26.516,207,207520,207.520,MQ-7,239.55,0.3400,0.5100
2026-09-07T16:17:27.517,208,208520,208.520,MQ-7,241.65,0.3408,0.5112
2026-09-07T16:17:28.517,209,209520,209.520,MQ-7,240.35,0.3410,0.5114
2026-09-07T16:17:29.516,210,210520,210.520,MQ-7,240.80,0.3416,0.5125
2026-09-07T16:17:30.517,211,211520,211.520,MQ-7,241.85,0.3422,0.5133
2026-09-07T16:17:31.515,212,212520,212.520,MQ-7,241.95,0.3418,0.5127
2026-09-07T16:17:32.516,213,213520,213.520,MQ-7,241.40,0.3405,0.5107
2026-09-07T16:17:33.517,214,214520,214.520,MQ-7,241.70,0.3424,0.5135
2026-09-07T16:17:34.514,215,215520,215.520,MQ-7,240.80,0.3416,0.5125
2026-09-07T16:17:35.514,216,216520,216.520,MQ-7,243.30,0.3425,0.5138
2026-09-07T16:17:36.517,217,217520,217.520,MQ-7,242.70,0.3439,0.5158
2026-09-07T16:17:37.515,218,218520,218.520,MQ-7,242.30,0.3425,0.5138
2026-09-07T16:17:38.514,219,219520,219.520,MQ-7,242.30,0.3425,0.5138
2026-09-07T16:17:39.514,220,220520,220.520,MQ-7,242.80,0.3432,0.5148
2026-09-07T16:17:40.515,221,221520,221.520,MQ-7,244.35,0.3442,0.5163
2026-09-07T16:17:41.516,222,222520,222.520,MQ-7,242.50,0.3428,0.5143
2026-09-07T16:17:42.514,223,223520,223.520,MQ-7,242.00,0.3411,0.5116
2026-09-07T16:17:43.515,224,224520,224.520,MQ-7,242.70,0.3433,0.5149
2026-09-07T16:17:44.514,225,225520,225.520,MQ-7,243.60,0.3435,0.5152
2026-09-07T16:17:45.514,226,226520,226.520,MQ-7,244.00,0.3428,0.5142
2026-09-07T16:17:46.514,227,227520,227.520,MQ-7,242.80,0.3425,0.5138
2026-09-07T16:17:47.515,228,228520,228.520,MQ-7,244.25,0.3438,0.5157
2026-09-07T16:17:48.516,229,229520,229.520,MQ-7,243.75,0.3431,0.5146
2026-09-07T16:17:49.514,230,230520,230.520,MQ-7,242.60,0.3422,0.5134
2026-09-07T16:17:50.514,231,231520,231.520,MQ-7,244.00,0.3435,0.5152
2026-09-07T16:17:51.515,232,232520,232.520,MQ-7,243.35,0.3413,0.5119
2026-09-07T16:17:52.513,233,233520,233.520,MQ-7,243.35,0.3428,0.5141
2026-09-07T16:17:53.516,234,234520,234.520,MQ-7,243.10,0.3432,0.5148
2026-09-07T16:17:54.514,235,235520,235.520,MQ-7,243.80,0.3440,0.5159
2026-09-07T16:17:55.513,236,236520,236.520,MQ-7,243.80,0.3440,0.5159
2026-09-07T16:17:56.513,237,237520,237.520,MQ-7,244.25,0.3439,0.5158
2026-09-07T16:17:57.515,238,238520,238.520,MQ-7,244.15,0.3432,0.5148
2026-09-07T16:17:58.514,239,239520,239.520,MQ-7,240.25,0.3441,0.5161
2026-09-07T16:17:59.514,240,240520,240.520,MQ-7,245.40,0.3436,0.5154
2026-09-07T16:18:00.513,241,241520,241.520,MQ-7,244.30,0.3441,0.5161
2026-09-07T16:18:01.513,242,242520,242.520,MQ-7,244.30,0.3426,0.5140
2026-09-07T16:18:02.513,243,243520,243.520,MQ-7,243.25,0.3417,0.5125
2026-09-07T16:18:03.513,244,244520,244.520,MQ-7,241.75,0.3413,0.5119
2026-09-07T16:18:04.514,245,245520,245.520,MQ-7,242.85,0.3422,0.5133
2026-09-07T16:18:05.513,246,246520,246.520,MQ-7,242.10,0.3417,0.5126
2026-09-07T16:18:06.516,247,247520,247.520,MQ-7,242.20,0.3420,0.5131
2026-09-07T16:18:07.514,248,248520,248.520,MQ-7,241.70,0.3423,0.5134
2026-09-07T16:18:08.515,249,249520,249.520,MQ-7,244.20,0.3435,0.5153
2026-09-07T16:18:09.513,250,250520,250.520,MQ-7,244.00,0.3440,0.5159
2026-09-07T16:18:10.515,251,251520,251.520,MQ-7,244.00,0.3430,0.5145
2026-09-07T16:18:11.516,252,252520,252.520,MQ-7,244.10,0.3444,0.5166
2026-09-07T16:18:12.513,253,253520,253.520,MQ-7,241.90,0.3416,0.5124
2026-09-07T16:18:13.515,254,254520,254.520,MQ-7,239.50,0.3405,0.5107
2026-09-07T16:18:14.514,255,255520,255.520,MQ-7,242.95,0.3421,0.5131
2026-09-07T16:18:15.515,256,256520,256.520,MQ-7,242.50,0.3426,0.5139
2026-09-07T16:18:16.515,257,257520,257.520,MQ-7,244.35,0.3433,0.5150
2026-09-07T16:18:17.515,258,258520,258.520,MQ-7,242.30,0.3419,0.5128
2026-09-07T16:18:18.513,259,259520,259.520,MQ-7,242.90,0.3438,0.5157
2026-09-07T16:18:19.513,260,260520,260.520,MQ-7,245.05,0.3426,0.5139
2026-09-07T16:18:20.513,261,261520,261.520,MQ-7,244.05,0.3445,0.5168
2026-09-07T16:18:21.515,262,262520,262.520,MQ-7,242.75,0.3420,0.5131
2026-09-07T16:18:22.513,263,263520,263.520,MQ-7,242.80,0.3433,0.5150
2026-09-07T16:18:23.513,264,264520,264.520,MQ-7,243.20,0.3430,0.5144
2026-09-07T16:18:24.513,265,265520,265.520,MQ-7,245.55,0.3435,0.5152
2026-09-07T16:18:25.513,266,266520,266.520,MQ-7,242.45,0.3425,0.5138
2026-09-07T16:18:26.513,267,267520,267.520,MQ-7,242.60,0.3428,0.5142
2026-09-07T16:18:27.514,268,268520,268.520,MQ-7,241.55,0.3430,0.5144
2026-09-07T16:18:28.514,269,269520,269.520,MQ-7,242.50,0.3429,0.5143
2026-09-07T16:18:29.513,270,270520,270.520,MQ-7,245.45,0.3433,0.5150
2026-09-07T16:18:30.514,271,271520,271.520,MQ-7,242.45,0.3433,0.5149
2026-09-07T16:18:31.514,272,272520,272.520,MQ-7,241.50,0.3425,0.5138
2026-09-07T16:18:32.513,273,273520,273.520,MQ-7,242.80,0.3383,0.5075
2026-09-07T16:18:33.513,274,274520,274.520,MQ-7,241.30,0.3425,0.5137
2026-09-07T16:18:34.514,275,275520,275.520,MQ-7,241.80,0.3413,0.5119
2026-09-07T16:18:35.513,276,276520,276.520,MQ-7,242.65,0.3424,0.5135
2026-09-07T16:18:36.515,277,277520,277.520,MQ-7,243.25,0.3428,0.5142
2026-09-07T16:18:37.512,278,278520,278.520,MQ-7,243.70,0.3428,0.5141
2026-09-07T16:18:38.512,279,279520,279.520,MQ-7,244.20,0.3447,0.5170
2026-09-07T16:18:39.511,280,280520,280.520,MQ-7,246.60,0.3439,0.5158
2026-09-07T16:18:40.512,281,281520,281.520,MQ-7,243.30,0.3434,0.5151
2026-09-07T16:18:41.512,282,282520,282.520,MQ-7,243.80,0.3436,0.5155
2026-09-07T16:18:42.512,283,283520,283.520,MQ-7,245.20,0.3442,0.5164
2026-09-07T16:18:43.511,284,284520,284.520,MQ-7,241.85,0.3462,0.5193
2026-09-07T16:18:44.512,285,285520,285.520,MQ-7,245.35,0.3446,0.5169
2026-09-07T16:18:45.512,286,286520,286.520,MQ-7,243.85,0.3430,0.5144
2026-09-07T16:18:46.512,287,287520,287.520,MQ-7,243.15,0.3444,0.5165
2026-09-07T16:18:47.514,288,288520,288.520,MQ-7,244.45,0.3417,0.5125
2026-09-07T16:18:48.515,289,289520,289.520,MQ-7,244.00,0.3437,0.5156
2026-09-07T16:18:49.512,290,290520,290.520,MQ-7,243.15,0.3425,0.5137
2026-09-07T16:18:50.513,291,291520,291.520,MQ-7,240.25,0.3435,0.5153
2026-09-07T16:18:51.513,292,292520,292.520,MQ-7,242.65,0.3428,0.5141
2026-09-07T16:18:52.514,293,293520,293.520,MQ-7,243.70,0.3434,0.5151
2026-09-07T16:18:53.513,294,294520,294.520,MQ-7,244.60,0.3435,0.5153
2026-09-07T16:18:54.511,295,295520,295.520,MQ-7,247.10,0.3450,0.5176
2026-09-07T16:18:55.513,296,296520,296.520,MQ-7,243.40,0.3431,0.5147
2026-09-07T16:18:56.511,297,297520,297.520,MQ-7,244.30,0.3437,0.5156
2026-09-07T16:18:57.511,298,298520,298.520,MQ-7,243.25,0.3419,0.5129
2026-09-07T16:18:58.511,299,299520,299.520,MQ-7,243.00,0.3436,0.5155
2026-09-07T16:18:59.511,300,300520,300.520,MQ-7,244.50,0.3431,0.5147
2026-09-07T16:19:00.511,301,301520,301.520,MQ-7,244.00,0.3436,0.5155
2026-09-07T16:19:01.511,302,302520,302.520,MQ-7,245.15,0.3429,0.5143
2026-09-07T16:19:02.510,303,303520,303.520,MQ-7,244.65,0.3442,0.5162
2026-09-07T16:19:03.511,304,304520,304.520,MQ-7,243.55,0.3429,0.5143
2026-09-07T16:19:04.511,305,305520,305.520,MQ-7,241.70,0.3433,0.5149
2026-09-07T16:19:05.511,306,306520,306.520,MQ-7,243.15,0.3435,0.5153
2026-09-07T16:19:06.510,307,307520,307.520,MQ-7,245.50,0.3442,0.5162
2026-09-07T16:19:07.512,308,308520,308.520,MQ-7,243.20,0.3426,0.5139
2026-09-07T16:19:08.511,309,309520,309.520,MQ-7,242.85,0.3429,0.5143
2026-09-07T16:19:09.512,310,310520,310.520,MQ-7,244.95,0.3441,0.5161
2026-09-07T16:19:10.513,311,311520,311.520,MQ-7,243.15,0.3433,0.5149
2026-09-07T16:19:11.511,312,312520,312.520,MQ-7,243.75,0.3436,0.5154
2026-09-07T16:19:12.512,313,313520,313.520,MQ-7,246.75,0.3443,0.5164
2026-09-07T16:19:13.512,314,314520,314.520,MQ-7,244.65,0.3436,0.5154
2026-09-07T16:19:14.513,315,315520,315.520,MQ-7,244.75,0.3450,0.5175
2026-09-07T16:19:15.512,316,316520,316.520,MQ-7,244.60,0.3436,0.5155
2026-09-07T16:19:16.509,317,317520,317.520,MQ-7,241.40,0.3437,0.5156
2026-09-07T16:19:17.510,318,318520,318.520,MQ-7,245.65,0.3445,0.5167
2026-09-07T16:19:18.510,319,319520,319.520,MQ-7,244.05,0.3438,0.5157
2026-09-07T16:19:19.510,320,320520,320.520,MQ-7,242.95,0.3422,0.5132
2026-09-07T16:19:20.510,321,321520,321.520,MQ-7,244.60,0.3433,0.5150
2026-09-07T16:19:21.510,322,322520,322.520,MQ-7,243.70,0.3433,0.5149
2026-09-07T16:19:22.510,323,323520,323.520,MQ-7,242.65,0.3422,0.5133
2026-09-07T16:19:23.510,324,324520,324.520,MQ-7,243.10,0.3426,0.5140
2026-09-07T16:19:24.510,325,325520,325.520,MQ-7,243.70,0.3465,0.5197
2026-09-07T16:19:25.509,326,326520,326.520,MQ-7,242.00,0.3425,0.5138
2026-09-07T16:19:26.510,327,327520,327.520,MQ-7,242.35,0.3429,0.5143
2026-09-07T16:19:27.510,328,328520,328.520,MQ-7,243.60,0.3428,0.5142
2026-09-07T16:19:28.510,329,329520,329.520,MQ-7,243.85,0.3430,0.5144
2026-09-07T16:19:29.510,330,330520,330.520,MQ-7,242.75,0.3430,0.5145
2026-09-07T16:19:30.510,331,331520,331.520,MQ-7,243.40,0.3423,0.5134
2026-09-07T16:19:31.512,332,332520,332.520,MQ-7,240.65,0.3433,0.5149
2026-09-07T16:19:32.511,333,333520,333.520,MQ-7,242.30,0.3417,0.5125
2026-09-07T16:19:33.512,334,334520,334.520,MQ-7,242.95,0.3425,0.5138
2026-09-07T16:19:34.512,335,335520,335.520,MQ-7,242.15,0.3426,0.5139
2026-09-07T16:19:35.510,336,336520,336.520,MQ-7,241.20,0.3427,0.5141
2026-09-07T16:19:36.510,337,337520,337.520,MQ-7,241.10,0.3412,0.5118
2026-09-07T16:19:37.510,338,338520,338.520,MQ-7,243.60,0.3411,0.5116
2026-09-07T16:19:38.510,339,339520,339.520,MQ-7,242.40,0.3412,0.5118
2026-09-07T16:19:39.511,340,340520,340.520,MQ-7,242.15,0.3420,0.5130
2026-09-07T16:19:40.511,341,341520,341.520,MQ-7,243.10,0.3422,0.5134
2026-09-07T16:19:41.510,342,342520,342.520,MQ-7,241.55,0.3414,0.5120
2026-09-07T16:19:42.511,343,343520,343.520,MQ-7,241.05,0.3430,0.5145
2026-09-07T16:19:43.509,344,344520,344.520,MQ-7,243.80,0.3433,0.5149
2026-09-07T16:19:44.511,345,345520,345.520,MQ-7,243.30,0.3428,0.5141
2026-09-07T16:19:45.510,346,346520,346.520,MQ-7,243.15,0.3418,0.5127
2026-09-07T16:19:46.510,347,347520,347.520,MQ-7,241.45,0.3401,0.5102
2026-09-07T16:19:47.510,348,348520,348.520,MQ-7,243.30,0.3423,0.5134
2026-09-07T16:19:48.510,349,349520,349.520,MQ-7,242.50,0.3428,0.5142
2026-09-07T16:19:49.511,350,350520,350.520,MQ-7,243.95,0.3422,0.5133
2026-09-07T16:19:50.511,351,351520,351.520,MQ-7,242.60,0.3415,0.5123
2026-09-07T16:19:51.509,352,352520,352.520,MQ-7,241.55,0.3417,0.5126
2026-09-07T16:19:52.509,353,353520,353.520,MQ-7,241.85,0.3424,0.5136
2026-09-07T16:19:53.509,354,354520,354.520,MQ-7,242.10,0.3424,0.5136
2026-09-07T16:19:54.509,355,355520,355.520,MQ-7,241.55,0.3415,0.5122
2026-09-07T16:19:55.508,356,356520,356.520,MQ-7,241.70,0.3417,0.5126
2026-09-07T16:19:56.514,357,357520,357.520,MQ-7,241.90,0.3418,0.5127
2026-09-07T16:19:57.511,358,358520,358.520,MQ-7,244.00,0.3439,0.5158
2026-09-07T16:19:58.509,359,359520,359.520,MQ-7,240.95,0.3410,0.5115
2026-09-07T16:19:59.509,360,360520,360.520,MQ-7,241.25,0.3425,0.5137
2026-09-07T16:20:00.509,361,361520,361.520,MQ-7,241.40,0.3474,0.5210
2026-09-07T16:20:01.509,362,362520,362.520,MQ-7,241.40,0.3415,0.5123
2026-09-07T16:20:02.509,363,363520,363.520,MQ-7,241.25,0.3413,0.5119
2026-09-07T16:20:03.511,364,364520,364.520,MQ-7,240.95,0.3410,0.5116
2026-09-07T16:20:04.508,365,365520,365.520,MQ-7,241.35,0.3429,0.5143
2026-09-07T16:20:05.508,366,366520,366.520,MQ-7,241.25,0.3419,0.5129
2026-09-07T16:20:06.507,367,367520,367.520,MQ-7,241.30,0.3412,0.5118
2026-09-07T16:20:07.508,368,368520,368.520,MQ-7,241.60,0.3416,0.5125
2026-09-07T16:20:08.508,369,369520,369.520,MQ-7,241.45,0.3426,0.5140
2026-09-07T16:20:09.510,370,370520,370.520,MQ-7,241.15,0.3409,0.5113
2026-09-07T16:20:10.507,371,371520,371.520,MQ-7,241.35,0.3424,0.5135
2026-09-07T16:20:11.510,372,372520,372.520,MQ-7,241.05,0.3412,0.5118
2026-09-07T16:20:12.508,373,373520,373.520,MQ-7,242.00,0.3408,0.5113
2026-09-07T16:20:13.508,374,374520,374.520,MQ-7,240.55,0.3407,0.5110
2026-09-07T16:20:14.508,375,375520,375.520,MQ-7,241.40,0.3410,0.5116
2026-09-07T16:20:15.507,376,376520,376.520,MQ-7,242.10,0.3428,0.5142
2026-09-07T16:20:16.507,377,377520,377.520,MQ-7,240.95,0.3405,0.5107
2026-09-07T16:20:17.508,378,378520,378.520,MQ-7,241.25,0.3412,0.5118
2026-09-07T16:20:18.508,379,379520,379.520,MQ-7,241.20,0.3419,0.5128
2026-09-07T16:20:19.507,380,380520,380.520,MQ-7,239.70,0.3417,0.5125
2026-09-07T16:20:20.507,381,381520,381.520,MQ-7,240.75,0.3410,0.5114
2026-09-07T16:20:21.507,382,382520,382.520,MQ-7,240.45,0.3403,0.5104
2026-09-07T16:20:22.508,383,383520,383.520,MQ-7,239.90,0.3406,0.5109
2026-09-07T16:20:23.509,384,384520,384.520,MQ-7,240.60,0.3422,0.5133
2026-09-07T16:20:24.508,385,385520,385.520,MQ-7,241.55,0.3419,0.5128
2026-09-07T16:20:25.508,386,386520,386.520,MQ-7,240.60,0.3401,0.5102
2026-09-07T16:20:26.506,387,387520,387.520,MQ-7,241.10,0.3416,0.5124
2026-09-07T16:20:27.507,388,388520,388.520,MQ-7,242.35,0.3414,0.5121
2026-09-07T16:20:28.509,389,389520,389.520,MQ-7,240.65,0.3417,0.5126
2026-09-07T16:20:29.508,390,390520,390.520,MQ-7,241.65,0.3414,0.5121
2026-09-07T16:20:30.508,391,391520,391.520,MQ-7,241.05,0.3414,0.5120
2026-09-07T16:20:31.509,392,392520,392.520,MQ-7,241.75,0.3415,0.5122
2026-09-07T16:20:32.509,393,393520,393.520,MQ-7,242.10,0.3415,0.5122
2026-09-07T16:20:33.511,394,394520,394.520,MQ-7,242.20,0.3421,0.5131
2026-09-07T16:20:34.507,395,395520,395.520,MQ-7,241.45,0.3417,0.5125
2026-09-07T16:20:35.507,396,396520,396.520,MQ-7,242.25,0.3409,0.5113
2026-09-07T16:20:36.506,397,397520,397.520,MQ-7,240.90,0.3407,0.5110
2026-09-07T16:20:37.507,398,398520,398.520,MQ-7,239.00,0.3397,0.5096
2026-09-07T16:20:38.507,399,399520,399.520,MQ-7,240.20,0.3410,0.5116
2026-09-07T16:20:39.506,400,400520,400.520,MQ-7,240.90,0.3403,0.5104
2026-09-07T16:20:40.507,401,401520,401.520,MQ-7,241.65,0.3412,0.5118
2026-09-07T16:20:41.507,402,402520,402.520,MQ-7,239.60,0.3424,0.5136
2026-09-07T16:20:42.507,403,403520,403.520,MQ-7,240.80,0.3395,0.5093
2026-09-07T16:20:43.506,404,404520,404.520,MQ-7,240.35,0.3403,0.5104
2026-09-07T16:20:44.507,405,405520,405.520,MQ-7,241.65,0.3411,0.5117
2026-09-07T16:20:45.507,406,406520,406.520,MQ-7,240.25,0.3395,0.5092
2026-09-07T16:20:46.507,407,407520,407.520,MQ-7,240.75,0.3499,0.5249
2026-09-07T16:20:47.507,408,408520,408.520,MQ-7,241.20,0.3406,0.5110
2026-09-07T16:20:48.506,409,409520,409.520,MQ-7,240.70,0.3403,0.5104
2026-09-07T16:20:49.507,410,410520,410.520,MQ-7,240.60,0.3405,0.5107
2026-09-07T16:20:50.506,411,411520,411.520,MQ-7,240.65,0.3410,0.5114
2026-09-07T16:20:51.506,412,412520,412.520,MQ-7,240.40,0.3399,0.5098
2026-09-07T16:20:52.506,413,413520,413.520,MQ-7,240.45,0.3419,0.5128
2026-09-07T16:20:53.506,414,414520,414.520,MQ-7,239.85,0.3401,0.5102
2026-09-07T16:20:54.506,415,415520,415.520,MQ-7,239.90,0.3400,0.5099
2026-09-07T16:20:55.506,416,416520,416.520,MQ-7,241.80,0.3404,0.5105
2026-09-07T16:20:56.506,417,417520,417.520,MQ-7,240.75,0.3404,0.5105
2026-09-07T16:20:57.508,418,418520,418.520,MQ-7,241.10,0.3405,0.5108
2026-09-07T16:20:58.506,419,419520,419.520,MQ-7,240.00,0.3410,0.5114
2026-09-07T16:20:59.508,420,420520,420.520,MQ-7,240.55,0.3413,0.5119
2026-09-07T16:21:00.508,421,421520,421.520,MQ-7,241.20,0.3414,0.5120
2026-09-07T16:21:01.507,422,422520,422.520,MQ-7,240.40,0.3405,0.5107
2026-09-07T16:21:02.505,423,423520,423.520,MQ-7,240.10,0.3402,0.5103
2026-09-07T16:21:03.507,424,424520,424.520,MQ-7,241.45,0.3428,0.5141
2026-09-07T16:21:04.505,425,425520,425.520,MQ-7,240.50,0.3409,0.5113
2026-09-07T16:21:05.507,426,426520,426.520,MQ-7,240.45,0.3405,0.5107
2026-09-07T16:21:06.505,427,427520,427.520,MQ-7,240.35,0.3400,0.5100
2026-09-07T16:21:07.507,428,428520,428.520,MQ-7,240.25,0.3429,0.5143
2026-09-07T16:21:08.508,429,429520,429.520,MQ-7,240.30,0.3401,0.5102
2026-09-07T16:21:09.506,430,430520,430.520,MQ-7,239.95,0.3410,0.5114
2026-09-07T16:21:10.508,431,431520,431.520,MQ-7,240.85,0.3406,0.5110
2026-09-07T16:21:11.507,432,432520,432.520,MQ-7,240.45,0.3405,0.5108
2026-09-07T16:21:12.507,433,433520,433.520,MQ-7,241.40,0.3408,0.5113
2026-09-07T16:21:13.505,434,434520,434.520,MQ-7,240.90,0.3411,0.5116
2026-09-07T16:21:14.506,435,435520,435.520,MQ-7,233.30,0.3422,0.5133
2026-09-07T16:21:15.507,436,436520,436.520,MQ-7,240.80,0.3413,0.5119
2026-09-07T16:21:16.504,437,437520,437.520,MQ-7,240.55,0.3415,0.5123
2026-09-07T16:21:17.505,438,438520,438.520,MQ-7,241.85,0.3410,0.5114
2026-09-07T16:21:18.507,439,439520,439.520,MQ-7,240.20,0.3444,0.5166
2026-09-07T16:21:19.506,440,440520,440.520,MQ-7,240.50,0.3406,0.5110
2026-09-07T16:21:20.506,441,441520,441.520,MQ-7,240.50,0.3408,0.5111
2026-09-07T16:21:21.507,442,442520,442.520,MQ-7,239.40,0.3410,0.5114
2026-09-07T16:21:22.506,443,443520,443.520,MQ-7,240.85,0.3405,0.5107
2026-09-07T16:21:23.506,444,444520,444.520,MQ-7,241.40,0.3417,0.5125
2026-09-07T16:21:24.506,445,445520,445.520,MQ-7,242.55,0.3417,0.5126
2026-09-07T16:21:25.506,446,446520,446.520,MQ-7,242.05,0.3455,0.5182
2026-09-07T16:21:26.505,447,447520,447.520,MQ-7,241.45,0.3415,0.5123
2026-09-07T16:21:27.506,448,448520,448.520,MQ-7,240.55,0.3405,0.5108
2026-09-07T16:21:28.506,449,449520,449.520,MQ-7,241.05,0.3409,0.5113
2026-09-07T16:21:29.505,450,450520,450.520,MQ-7,240.95,0.3422,0.5132
2026-09-07T16:21:30.506,451,451520,451.520,MQ-7,240.75,0.3409,0.5113
2026-09-07T16:21:31.505,452,452520,452.520,MQ-7,240.65,0.3405,0.5108
2026-09-07T16:21:32.504,453,453520,453.520,MQ-7,241.65,0.3411,0.5117
2026-09-07T16:21:33.505,454,454520,454.520,MQ-7,241.00,0.3405,0.5108
2026-09-07T16:21:34.504,455,455520,455.520,MQ-7,241.55,0.3410,0.5114
2026-09-07T16:21:35.505,456,456520,456.520,MQ-7,240.80,0.3417,0.5125
2026-09-07T16:21:36.504,457,457520,457.520,MQ-7,246.25,0.3440,0.5159
2026-09-07T16:21:37.505,458,458520,458.520,MQ-7,240.75,0.3411,0.5116
2026-09-07T16:21:38.504,459,459520,459.520,MQ-7,239.75,0.3400,0.5101
2026-09-07T16:21:39.504,460,460520,460.520,MQ-7,239.05,0.3401,0.5102
2026-09-07T16:21:40.504,461,461520,461.520,MQ-7,239.70,0.3399,0.5098
2026-09-07T16:21:41.504,462,462520,462.520,MQ-7,241.95,0.3408,0.5111
2026-09-07T16:21:42.506,463,463520,463.520,MQ-7,241.00,0.3413,0.5119
2026-09-07T16:21:43.506,464,464520,464.520,MQ-7,239.45,0.3407,0.5110
2026-09-07T16:21:44.506,465,465520,465.520,MQ-7,240.55,0.3407,0.5110
2026-09-07T16:21:45.506,466,466520,466.520,MQ-7,241.00,0.3410,0.5114
2026-09-07T16:21:46.506,467,467520,467.520,MQ-7,240.95,0.3407,0.5110
2026-09-07T16:21:47.505,468,468520,468.520,MQ-7,242.25,0.3415,0.5123
2026-09-07T16:21:48.506,469,469520,469.520,MQ-7,237.00,0.3404,0.5106
2026-09-07T16:21:49.504,470,470520,470.520,MQ-7,241.15,0.3410,0.5114
2026-09-07T16:21:50.504,471,471520,471.520,MQ-7,242.05,0.3415,0.5122
2026-09-07T16:21:51.506,472,472520,472.520,MQ-7,240.30,0.3420,0.5131
2026-09-07T16:21:52.506,473,473520,473.520,MQ-7,241.90,0.3416,0.5124
2026-09-07T16:21:53.504,474,474520,474.520,MQ-7,242.90,0.3421,0.5131
2026-09-07T16:21:54.504,475,475520,475.520,MQ-7,241.15,0.3404,0.5106
2026-09-07T16:21:55.504,476,476520,476.520,MQ-7,240.95,0.3409,0.5113
2026-09-07T16:21:56.503,477,477520,477.520,MQ-7,240.85,0.3404,0.5105
2026-09-07T16:21:57.504,478,478520,478.520,MQ-7,241.65,0.3419,0.5128
2026-09-07T16:21:58.503,479,479520,479.520,MQ-7,238.35,0.3416,0.5124
2026-09-07T16:21:59.503,480,480520,480.520,MQ-7,240.00,0.3413,0.5119
2026-09-07T16:22:00.504,481,481520,481.520,MQ-7,241.85,0.3409,0.5113
2026-09-07T16:22:01.503,482,482520,482.520,MQ-7,241.50,0.3406,0.5109
2026-09-07T16:22:02.503,483,483520,483.520,MQ-7,240.90,0.3388,0.5083
2026-09-07T16:22:03.503,484,484520,484.520,MQ-7,241.30,0.3408,0.5111
2026-09-07T16:22:04.503,485,485520,485.520,MQ-7,241.10,0.3408,0.5111
2026-09-07T16:22:05.503,486,486520,486.520,MQ-7,242.30,0.3417,0.5126
2026-09-07T16:22:06.503,487,487520,487.520,MQ-7,240.80,0.3408,0.5111
2026-09-07T16:22:07.503,488,488520,488.520,MQ-7,240.95,0.3414,0.5120
2026-09-07T16:22:08.503,489,489520,489.520,MQ-7,241.35,0.3410,0.5115
2026-09-07T16:22:09.502,490,490520,490.520,MQ-7,241.95,0.3417,0.5125
2026-09-07T16:22:10.505,491,491520,491.520,MQ-7,241.20,0.3415,0.5123
2026-09-07T16:22:11.502,492,492520,492.520,MQ-7,242.05,0.3422,0.5134
2026-09-07T16:22:12.503,493,493520,493.520,MQ-7,240.35,0.3415,0.5123
2026-09-07T16:22:13.503,494,494520,494.520,MQ-7,240.80,0.3433,0.5149
2026-09-07T16:22:14.502,495,495520,495.520,MQ-7,241.15,0.3411,0.5117
2026-09-07T16:22:15.503,496,496520,496.520,MQ-7,240.40,0.3402,0.5103
2026-09-07T16:22:16.502,497,497520,497.520,MQ-7,238.20,0.3406,0.5110
2026-09-07T16:22:17.503,498,498520,498.520,MQ-7,239.95,0.3397,0.5096
2026-09-07T16:22:18.503,499,499520,499.520,MQ-7,240.25,0.3403,0.5104
2026-09-07T16:22:19.502,500,500520,500.520,MQ-7,237.35,0.3394,0.5090
2026-09-07T16:22:20.502,501,501520,501.520,MQ-7,240.30,0.3402,0.5103
2026-09-07T16:22:21.502,502,502520,502.520,MQ-7,240.90,0.3405,0.5108
2026-09-07T16:22:22.502,503,503520,503.520,MQ-7,240.35,0.3405,0.5107
2026-09-07T16:22:23.502,504,504520,504.520,MQ-7,240.20,0.3402,0.5103
2026-09-07T16:22:24.502,505,505520,505.520,MQ-7,239.95,0.3386,0.5080
2026-09-07T16:22:25.502,506,506520,506.520,MQ-7,239.25,0.3402,0.5104
2026-09-07T16:22:26.502,507,507520,507.520,MQ-7,239.55,0.3395,0.5092
2026-09-07T16:22:27.503,508,508520,508.520,MQ-7,240.50,0.3398,0.5097
2026-09-07T16:22:28.502,509,509520,509.520,MQ-7,239.95,0.3400,0.5101
2026-09-07T16:22:29.502,510,510520,510.520,MQ-7,239.95,0.3400,0.5100
2026-09-07T16:22:30.502,511,511520,511.520,MQ-7,240.30,0.3400,0.5100
2026-09-07T16:22:31.502,512,512520,512.520,MQ-7,241.95,0.3407,0.5110
2026-09-07T16:22:32.502,513,513520,513.520,MQ-7,240.00,0.3400,0.5100
2026-09-07T16:22:33.502,514,514520,514.520,MQ-7,239.75,0.3402,0.5103
2026-09-07T16:22:34.501,515,515520,515.520,MQ-7,240.80,0.3408,0.5113
2026-09-07T16:22:35.503,516,516520,516.520,MQ-7,241.20,0.3399,0.5098
2026-09-07T16:22:36.502,517,517520,517.520,MQ-7,239.90,0.3405,0.5107
2026-09-07T16:22:37.502,518,518520,518.520,MQ-7,240.10,0.3399,0.5098
2026-09-07T16:22:38.501,519,519520,519.520,MQ-7,239.55,0.3398,0.5097
2026-09-07T16:22:39.502,520,520520,520.520,MQ-7,239.70,0.3404,0.5106
2026-09-07T16:22:40.502,521,521520,521.520,MQ-7,240.35,0.3405,0.5107
2026-09-07T16:22:41.502,522,522520,522.520,MQ-7,239.90,0.3400,0.5101
2026-09-07T16:22:42.502,523,523520,523.520,MQ-7,239.55,0.3377,0.5065
2026-09-07T16:22:43.500,524,524520,524.520,MQ-7,239.20,0.3402,0.5103
2026-09-07T16:22:44.501,525,525520,525.520,MQ-7,240.25,0.3408,0.5113
2026-09-07T16:22:45.502,526,526520,526.520,MQ-7,240.70,0.3408,0.5111
2026-09-07T16:22:46.502,527,527520,527.520,MQ-7,240.10,0.3408,0.5113
2026-09-07T16:22:47.503,528,528520,528.520,MQ-7,241.00,0.3406,0.5110
2026-09-07T16:22:48.502,529,529520,529.520,MQ-7,240.85,0.3402,0.5104
2026-09-07T16:22:49.503,530,530520,530.520,MQ-7,239.05,0.3396,0.5094
2026-09-07T16:22:50.501,531,531520,531.520,MQ-7,240.50,0.3406,0.5109
2026-09-07T16:22:51.501,532,532520,532.520,MQ-7,241.00,0.3405,0.5107
2026-09-07T16:22:52.501,533,533520,533.520,MQ-7,239.90,0.3391,0.5087
2026-09-07T16:22:53.501,534,534520,534.520,MQ-7,239.65,0.3422,0.5132
2026-09-07T16:22:54.500,535,535520,535.520,MQ-7,240.50,0.3400,0.5100
2026-09-07T16:22:55.501,536,536520,536.520,MQ-7,239.65,0.3405,0.5107
2026-09-07T16:22:56.501,537,537520,537.520,MQ-7,240.85,0.3407,0.5110
2026-09-07T16:22:57.504,538,538520,538.520,MQ-7,242.05,0.3409,0.5113
2026-09-07T16:22:58.504,539,539520,539.520,MQ-7,240.45,0.3410,0.5115
2026-09-07T16:22:59.501,540,540520,540.520,MQ-7,240.40,0.3402,0.5104
2026-09-07T16:23:00.501,541,541520,541.520,MQ-7,240.45,0.3404,0.5106
2026-09-07T16:23:01.501,542,542520,542.520,MQ-7,239.25,0.3395,0.5093
2026-09-07T16:23:02.500,543,543520,543.520,MQ-7,239.30,0.3401,0.5102
2026-09-07T16:23:03.501,544,544520,544.520,MQ-7,240.35,0.3400,0.5101
2026-09-07T16:23:04.500,545,545520,545.520,MQ-7,242.05,0.3380,0.5069
2026-09-07T16:23:05.501,546,546520,546.520,MQ-7,240.10,0.3406,0.5109
2026-09-07T16:23:06.500,547,547520,547.520,MQ-7,240.85,0.3412,0.5118
2026-09-07T16:23:07.499,548,548520,548.520,MQ-7,240.25,0.3402,0.5104
2026-09-07T16:23:08.500,549,549520,549.520,MQ-7,239.90,0.3395,0.5093
2026-09-07T16:23:09.501,550,550520,550.520,MQ-7,239.15,0.3397,0.5095
2026-09-07T16:23:10.500,551,551520,551.520,MQ-7,239.55,0.3395,0.5093
2026-09-07T16:23:11.500,552,552520,552.520,MQ-7,245.15,0.3389,0.5083
2026-09-07T16:23:12.500,553,553520,553.520,MQ-7,239.90,0.3394,0.5091
2026-09-07T16:23:13.500,554,554520,554.520,MQ-7,239.80,0.3398,0.5097
2026-09-07T16:23:14.500,555,555520,555.520,MQ-7,239.55,0.3404,0.5105
2026-09-07T16:23:15.500,556,556520,556.520,MQ-7,237.60,0.3399,0.5098
2026-09-07T16:23:16.500,557,557520,557.520,MQ-7,238.90,0.3400,0.5100
2026-09-07T16:23:17.500,558,558520,558.520,MQ-7,239.60,0.3397,0.5095
2026-09-07T16:23:18.500,559,559520,559.520,MQ-7,240.45,0.3398,0.5097
2026-09-07T16:23:19.500,560,560520,560.520,MQ-7,239.35,0.3377,0.5066
2026-09-07T16:23:20.500,561,561520,561.520,MQ-7,239.30,0.3395,0.5092
2026-09-07T16:23:21.500,562,562520,562.520,MQ-7,239.25,0.3396,0.5094
2026-09-07T16:23:22.500,563,563520,563.520,MQ-7,239.30,0.3413,0.5119
2026-09-07T16:23:23.500,564,564520,564.520,MQ-7,240.25,0.3400,0.5099
2026-09-07T16:23:24.500,565,565520,565.520,MQ-7,239.35,0.3394,0.5091
2026-09-07T16:23:25.501,566,566520,566.520,MQ-7,239.65,0.3399,0.5098
2026-09-07T16:23:26.500,567,567520,567.520,MQ-7,238.15,0.3392,0.5088
2026-09-07T16:23:27.500,568,568520,568.520,MQ-7,239.80,0.3397,0.5096
2026-09-07T16:23:28.501,569,569520,569.520,MQ-7,239.70,0.3406,0.5109
2026-09-07T16:23:29.501,570,570520,570.520,MQ-7,239.90,0.3399,0.5098
2026-09-07T16:23:30.501,571,571520,571.520,MQ-7,240.40,0.3403,0.5104
2026-09-07T16:23:31.500,572,572520,572.520,MQ-7,240.10,0.3408,0.5111
2026-09-07T16:23:32.502,573,573520,573.520,MQ-7,239.80,0.3397,0.5096
2026-09-07T16:23:33.500,574,574520,574.520,MQ-7,237.45,0.3391,0.5087
2026-09-07T16:23:34.502,575,575520,575.520,MQ-7,239.35,0.3401,0.5102
2026-09-07T16:23:35.501,576,576520,576.520,MQ-7,239.95,0.3404,0.5106
2026-09-07T16:23:36.502,577,577520,577.520,MQ-7,239.60,0.3402,0.5103
2026-09-07T16:23:37.501,578,578520,578.520,MQ-7,242.65,0.3401,0.5102
2026-09-07T16:23:38.500,579,579520,579.520,MQ-7,238.80,0.3390,0.5085
2026-09-07T16:23:39.500,580,580520,580.520,MQ-7,237.60,0.3386,0.5078
2026-09-07T16:23:40.501,581,581520,581.520,MQ-7,236.90,0.3380,0.5071
2026-09-07T16:23:41.501,582,582520,582.520,MQ-7,238.05,0.3389,0.5083
2026-09-07T16:23:42.499,583,583520,583.520,MQ-7,239.35,0.3391,0.5087
2026-09-07T16:23:43.502,584,584520,584.520,MQ-7,240.25,0.3398,0.5097
2026-09-07T16:23:44.499,585,585520,585.520,MQ-7,237.30,0.3391,0.5087
2026-09-07T16:23:45.499,586,586520,586.520,MQ-7,239.35,0.3398,0.5097
2026-09-07T16:23:46.498,587,587520,587.520,MQ-7,239.70,0.3395,0.5093
2026-09-07T16:23:47.501,588,588520,588.520,MQ-7,238.70,0.3393,0.5089
2026-09-07T16:23:48.501,589,589520,589.520,MQ-7,238.00,0.3380,0.5070
2026-09-07T16:23:49.499,590,590520,590.520,MQ-7,238.85,0.3395,0.5092
2026-09-07T16:23:50.499,591,591520,591.520,MQ-7,239.75,0.3399,0.5098
2026-09-07T16:23:51.502,592,592520,592.520,MQ-7,238.90,0.3405,0.5107
2026-09-07T16:23:52.499,593,593520,593.520,MQ-7,239.65,0.3395,0.5092
2026-09-07T16:23:53.498,594,594520,594.520,MQ-7,239.25,0.3396,0.5094
2026-09-07T16:23:54.499,595,595520,595.520,MQ-7,239.75,0.3386,0.5079
2026-09-07T16:23:55.498,596,596520,596.520,MQ-7,241.85,0.3388,0.5083
2026-09-07T16:23:56.498,597,597520,597.520,MQ-7,239.40,0.3397,0.5096
2026-09-07T16:23:57.500,598,598520,598.520,MQ-7,239.10,0.3397,0.5096
2026-09-07T16:23:58.500,599,599520,599.520,MQ-7,239.05,0.3399,0.5098
2026-09-07T16:23:59.500,600,600520,600.520,MQ-7,238.25,0.3365,0.5048
2026-09-07T16:24:00.500,601,601520,601.520,MQ-7,240.05,0.3390,0.5085
2026-09-07T16:24:01.498,602,602520,602.520,MQ-7,238.70,0.3390,0.5086
2026-09-07T16:24:02.499,603,603520,603.520,MQ-7,238.70,0.3380,0.5071
2026-09-07T16:24:03.500,604,604520,604.520,MQ-7,239.15,0.3391,0.5087
2026-09-07T16:24:04.499,605,605520,605.520,MQ-7,238.85,0.3383,0.5074
2026-09-07T16:24:05.499,606,606520,606.520,MQ-7,238.05,0.3388,0.5083
2026-09-07T16:24:06.498,607,607520,607.520,MQ-7,234.05,0.3375,0.5062
2026-09-07T16:24:07.500,608,608520,608.520,MQ-7,236.20,0.3381,0.5071
2026-09-07T16:24:08.500,609,609520,609.520,MQ-7,238.20,0.3377,0.5065
2026-09-07T16:24:09.500,610,610520,610.520,MQ-7,238.85,0.3389,0.5083
2026-09-07T16:24:10.500,611,611520,611.520,MQ-7,237.10,0.3417,0.5126
2026-09-07T16:24:11.499,612,612520,612.520,MQ-7,238.90,0.3391,0.5087
2026-09-07T16:24:12.498,613,613520,613.520,MQ-7,240.35,0.3402,0.5104
2026-09-07T16:24:13.497,614,614520,614.520,MQ-7,239.90,0.3391,0.5087
2026-09-07T16:24:14.498,615,615520,615.520,MQ-7,239.85,0.3402,0.5103
2026-09-07T16:24:15.497,616,616520,616.520,MQ-7,238.20,0.3393,0.5089
2026-09-07T16:24:16.498,617,617520,617.520,MQ-7,238.85,0.3394,0.5091
2026-09-07T16:24:17.498,618,618520,618.520,MQ-7,234.70,0.3390,0.5086
2026-09-07T16:24:18.497,619,619520,619.520,MQ-7,238.95,0.3390,0.5084
2026-09-07T16:24:19.498,620,620520,620.520,MQ-7,238.80,0.3381,0.5072
2026-09-07T16:24:20.499,621,621520,621.520,MQ-7,237.85,0.3396,0.5094
2026-09-07T16:24:21.497,622,622520,622.520,MQ-7,237.80,0.3368,0.5051
2026-09-07T16:24:22.499,623,623520,623.520,MQ-7,238.45,0.3387,0.5081
2026-09-07T16:24:23.499,624,624520,624.520,MQ-7,238.05,0.3389,0.5083
2026-09-07T16:24:24.498,625,625520,625.520,MQ-7,241.00,0.3384,0.5076
2026-09-07T16:24:25.497,626,626520,626.520,MQ-7,238.55,0.3386,0.5078
2026-09-07T16:24:26.496,627,627520,627.520,MQ-7,235.45,0.3385,0.5077
2026-09-07T16:24:27.498,628,628520,628.520,MQ-7,238.20,0.3380,0.5070
2026-09-07T16:24:28.499,629,629520,629.520,MQ-7,238.00,0.3413,0.5119
2026-09-07T16:24:29.497,630,630520,630.520,MQ-7,238.35,0.3391,0.5087
2026-09-07T16:24:30.497,631,631520,631.520,MQ-7,237.65,0.3388,0.5083
2026-09-07T16:24:31.498,632,632520,632.520,MQ-7,236.55,0.3372,0.5057
2026-09-07T16:24:32.497,633,633520,633.520,MQ-7,236.70,0.3373,0.5059
2026-09-07T16:24:33.496,634,634520,634.520,MQ-7,238.05,0.3379,0.5068
2026-09-07T16:24:34.496,635,635520,635.520,MQ-7,237.05,0.3383,0.5074
2026-09-07T16:24:35.497,636,636520,636.520,MQ-7,237.25,0.3379,0.5068
2026-09-07T16:24:36.497,637,637520,637.520,MQ-7,236.05,0.3369,0.5053
2026-09-07T16:24:37.499,638,638520,638.520,MQ-7,236.80,0.3381,0.5071
2026-09-07T16:24:38.500,639,639520,639.520,MQ-7,239.50,0.3377,0.5065
2026-09-07T16:24:39.497,640,640520,640.520,MQ-7,237.30,0.3384,0.5076
2026-09-07T16:24:40.498,641,641520,641.520,MQ-7,237.40,0.3386,0.5078
2026-09-07T16:24:41.498,642,642520,642.520,MQ-7,238.60,0.3394,0.5091
2026-09-07T16:24:42.496,643,643520,643.520,MQ-7,237.65,0.3390,0.5085
2026-09-07T16:24:43.497,644,644520,644.520,MQ-7,238.75,0.3390,0.5086
2026-09-07T16:24:44.497,645,645520,645.520,MQ-7,238.75,0.3388,0.5081
2026-09-07T16:24:45.497,646,646520,646.520,MQ-7,238.60,0.3394,0.5091
2026-09-07T16:24:46.498,647,647520,647.520,MQ-7,236.75,0.3387,0.5081
2026-09-07T16:24:47.497,648,648520,648.520,MQ-7,237.90,0.3381,0.5072
2026-09-07T16:24:48.496,649,649520,649.520,MQ-7,238.15,0.3390,0.5086
2026-09-07T16:24:49.498,650,650520,650.520,MQ-7,237.70,0.3377,0.5066
2026-09-07T16:24:50.496,651,651520,651.520,MQ-7,236.85,0.3358,0.5036
2026-09-07T16:24:51.496,652,652520,652.520,MQ-7,237.30,0.3392,0.5088
2026-09-07T16:24:52.496,653,653520,653.520,MQ-7,240.00,0.3396,0.5094
2026-09-07T16:24:53.496,654,654520,654.520,MQ-7,240.10,0.3395,0.5093
2026-09-07T16:24:54.495,655,655520,655.520,MQ-7,238.85,0.3392,0.5089
2026-09-07T16:24:55.496,656,656520,656.520,MQ-7,238.40,0.3391,0.5087
2026-09-07T16:24:56.495,657,657520,657.520,MQ-7,237.60,0.3371,0.5056
2026-09-07T16:24:57.495,658,658520,658.520,MQ-7,240.10,0.3405,0.5107
2026-09-07T16:24:58.498,659,659520,659.520,MQ-7,237.50,0.3380,0.5071
2026-09-07T16:24:59.497,660,660520,660.520,MQ-7,236.75,0.3385,0.5077
2026-09-07T16:25:00.496,661,661520,661.520,MQ-7,237.05,0.3377,0.5065
2026-09-07T16:25:01.496,662,662520,662.520,MQ-7,236.85,0.3363,0.5045
2026-09-07T16:25:02.496,663,663520,663.520,MQ-7,238.10,0.3386,0.5080
2026-09-07T16:25:03.496,664,664520,664.520,MQ-7,237.50,0.3386,0.5080
2026-09-07T16:25:04.495,665,665520,665.520,MQ-7,235.50,0.3378,0.5067
2026-09-07T16:25:05.495,666,666520,666.520,MQ-7,237.10,0.3380,0.5071
2026-09-07T16:25:06.495,667,667520,667.520,MQ-7,237.10,0.3380,0.5071
2026-09-07T16:25:07.497,668,668520,668.520,MQ-7,237.65,0.3386,0.5078
2026-09-07T16:25:08.495,669,669520,669.520,MQ-7,237.85,0.3359,0.5038
2026-09-07T16:25:09.497,670,670520,670.520,MQ-7,236.25,0.3390,0.5085
2026-09-07T16:25:10.497,671,671520,671.520,MQ-7,238.05,0.3386,0.5080
2026-09-07T16:25:11.495,672,672520,672.520,MQ-7,237.05,0.3382,0.5073
2026-09-07T16:25:12.495,673,673520,673.520,MQ-7,234.25,0.3368,0.5052
2026-09-07T16:25:13.495,674,674520,674.520,MQ-7,237.35,0.3377,0.5066
2026-09-07T16:25:14.496,675,675520,675.520,MQ-7,237.55,0.3381,0.5072
2026-09-07T16:25:15.497,676,676520,676.520,MQ-7,234.40,0.3390,0.5084
2026-09-07T16:25:16.496,677,677520,677.520,MQ-7,238.65,0.3390,0.5086
2026-09-07T16:25:17.494,678,678520,678.520,MQ-7,238.45,0.3385,0.5077
2026-09-07T16:25:18.495,679,679520,679.520,MQ-7,238.10,0.3372,0.5059
2026-09-07T16:25:19.495,680,680520,680.520,MQ-7,235.70,0.3372,0.5058
2026-09-07T16:25:20.495,681,681520,681.520,MQ-7,235.55,0.3366,0.5049
2026-09-07T16:25:21.495,682,682520,682.520,MQ-7,235.70,0.3380,0.5069
2026-09-07T16:25:22.495,683,683520,683.520,MQ-7,236.30,0.3371,0.5056
2026-09-07T16:25:23.495,684,684520,684.520,MQ-7,236.70,0.3414,0.5120
2026-09-07T16:25:24.494,685,685520,685.520,MQ-7,237.85,0.3381,0.5072
2026-09-07T16:25:25.493,686,686520,686.520,MQ-7,235.35,0.3370,0.5054
2026-09-07T16:25:26.494,687,687520,687.520,MQ-7,235.25,0.3365,0.5047
2026-09-07T16:25:27.493,688,688520,688.520,MQ-7,236.75,0.3372,0.5057
2026-09-07T16:25:28.496,689,689520,689.520,MQ-7,237.50,0.3371,0.5056
2026-09-07T16:25:29.494,690,690520,690.520,MQ-7,235.60,0.3367,0.5051
2026-09-07T16:25:30.495,691,691520,691.520,MQ-7,239.95,0.3369,0.5053
2026-09-07T16:25:31.493,692,692520,692.520,MQ-7,236.60,0.3375,0.5063
2026-09-07T16:25:32.494,693,693520,693.520,MQ-7,237.15,0.3374,0.5062
2026-09-07T16:25:33.493,694,694520,694.520,MQ-7,237.00,0.3377,0.5066
2026-09-07T16:25:34.494,695,695520,695.520,MQ-7,236.85,0.3386,0.5080
2026-09-07T16:25:35.495,696,696520,696.520,MQ-7,237.60,0.3383,0.5074
2026-09-07T16:25:36.494,697,697520,697.520,MQ-7,237.35,0.3385,0.5077
2026-09-07T16:25:37.494,698,698520,698.520,MQ-7,237.40,0.3380,0.5069
2026-09-07T16:25:38.494,699,699520,699.520,MQ-7,237.40,0.3388,0.5082
2026-09-07T16:25:39.494,700,700520,700.520,MQ-7,238.05,0.3388,0.5082
